,PERIODS,Monthly_Payment,Interests_Paid,Principal_Paid
0,2021-03-01 00:00:00,1084.8368698855868,747.5,337.3368698855868
1,2021-04-01 00:00:00,1084.8368698855868,746.4036551728718,338.43321471271497
2,2021-05-01 00:00:00,1084.8368698855868,745.3037472250554,339.5331226605314
3,2021-06-01 00:00:00,1084.8368698855868,744.2002645764088,340.636605309178
4,2021-07-01 00:00:00,1084.8368698855868,743.0931956091539,341.7436742764329
5,2021-08-01 00:00:00,1084.8368698855868,741.9825286677556,342.85434121783123
6,2021-09-01 00:00:00,1084.8368698855868,740.8682520587977,343.9686178267891
7,2021-10-01 00:00:00,1084.8368698855868,739.7503540508604,345.08651583472636
8,2021-11-01 00:00:00,1084.8368698855868,738.6288228743977,346.20804701118914
9,2021-12-01 00:00:00,1084.8368698855868,737.5036467216113,347.3332231639755
10,2022-01-01 00:00:00,1084.8368698855868,736.3748137463284,348.4620561392584
11,2022-02-01 00:00:00,1084.8368698855868,735.2423120638758,349.59455782171096
12,2022-03-01 00:00:00,1084.8368698855868,734.1061297509553,350.73074013463145
13,2022-04-01 00:00:00,1084.8368698855868,732.9662548455177,351.8706150400691
14,2022-05-01 00:00:00,1084.8368698855868,731.8226753466375,353.01419453894925
15,2022-06-01 00:00:00,1084.8368698855868,730.675379214386,354.1614906712008
16,2022-07-01 00:00:00,1084.8368698855868,729.5243543697046,355.3125155158822
17,2022-08-01 00:00:00,1084.8368698855868,728.3695886942779,356.46728119130887
18,2022-09-01 00:00:00,1084.8368698855868,727.2110700304063,357.6257998551805
19,2022-10-01 00:00:00,1084.8368698855868,726.048786180877,358.78808370470983
20,2022-11-01 00:00:00,1084.8368698855868,724.8827249088366,359.9541449767502
21,2022-12-01 00:00:00,1084.8368698855868,723.7128739376622,361.12399594792464
22,2023-01-01 00:00:00,1084.8368698855868,722.5392209508315,362.29764893475533
23,2023-02-01 00:00:00,1084.8368698855868,721.3617535917936,363.47511629379323
24,2023-03-01 00:00:00,1084.8368698855868,720.1804594638386,364.6564104217482
25,2023-04-01 00:00:00,1084.8368698855868,718.995326129968,365.8415437556188
26,2023-05-01 00:00:00,1084.8368698855868,717.8063411127622,367.0305287728246
27,2023-06-01 00:00:00,1084.8368698855868,716.6134918942506,368.2233779913362
28,2023-07-01 00:00:00,1084.8368698855868,715.4167659157788,369.420103969808
29,2023-08-01 00:00:00,1084.8368698855868,714.2161505778769,370.6207193077099
30,2023-09-01 00:00:00,1084.8368698855868,713.0116332401268,371.82523664546
31,2023-10-01 00:00:00,1084.8368698855868,711.8032012210291,373.0336686645577
32,2023-11-01 00:00:00,1084.8368698855868,710.5908417978693,374.2460280877175
33,2023-12-01 00:00:00,1084.8368698855868,709.3745422065841,375.46232767900267
34,2024-01-01 00:00:00,1084.8368698855868,708.1542896416274,376.68258024395936
35,2024-02-01 00:00:00,1084.8368698855868,706.9300712558345,377.9067986297523
36,2024-03-01 00:00:00,1084.8368698855868,705.7018741602878,379.13499572529895
37,2024-04-01 00:00:00,1084.8368698855868,704.4696854241807,380.36718446140605
38,2024-05-01 00:00:00,1084.8368698855868,703.2334920746812,381.6033778109056
39,2024-06-01 00:00:00,1084.8368698855868,701.9932810967957,382.84358878879107
40,2024-07-01 00:00:00,1084.8368698855868,700.7490394332322,384.08783045235464
41,2024-08-01 00:00:00,1084.8368698855868,699.500753984262,385.3361159013248
42,2024-09-01 00:00:00,1084.8368698855868,698.2484116075829,386.58845827800394
43,2024-10-01 00:00:00,1084.8368698855868,696.9919991181791,387.84487076740766
44,2024-11-01 00:00:00,1084.8368698855868,695.7315032881851,389.1053665974017
45,2024-12-01 00:00:00,1084.8368698855868,694.4669108467436,390.36995903884315
46,2025-01-01 00:00:00,1084.8368698855868,693.1982084798673,391.6386614057195
47,2025-02-01 00:00:00,1084.8368698855868,691.9253828302988,392.91148705528803
48,2025-03-01 00:00:00,1084.8368698855868,690.6484204973691,394.1884493882177
49,2025-04-01 00:00:00,1084.8368698855868,689.3673080368576,395.4695618487292
50,2025-05-01 00:00:00,1084.8368698855868,688.082031960849,396.7548379247378
51,2025-06-01 00:00:00,1084.8368698855868,686.7925787375938,398.044291147993
52,2025-07-01 00:00:00,1084.8368698855868,685.4989347913626,399.33793509422424
53,2025-08-01 00:00:00,1084.8368698855868,684.2010865023065,400.63578338328034
54,2025-09-01 00:00:00,1084.8368698855868,682.8990202063109,401.9378496792759
55,2025-10-01 00:00:00,1084.8368698855868,681.5927221948532,403.2441476907336
56,2025-11-01 00:00:00,1084.8368698855868,680.2821787148583,404.55469117072846
57,2025-12-01 00:00:00,1084.8368698855868,678.9673759685535,405.8694939170333
58,2026-01-01 00:00:00,1084.8368698855868,677.6483001133232,407.1885697722636
59,2026-02-01 00:00:00,1084.8368698855868,676.3249372615633,408.51193262402353
60,2026-03-01 00:00:00,1084.8368698855868,674.9972734805352,409.83959640505157
61,2026-04-01 00:00:00,1084.8368698855868,673.6652947922187,411.1715750933681
62,2026-05-01 00:00:00,1084.8368698855868,672.3289871731654,412.5078827124214
63,2026-06-01 00:00:00,1084.8368698855868,670.9883365543499,413.8485333312369
64,2026-07-01 00:00:00,1084.8368698855868,669.6433288210235,415.1935410645633
65,2026-08-01 00:00:00,1084.8368698855868,668.2939498125637,416.5429200730231
66,2026-09-01 00:00:00,1084.8368698855868,666.9401853223263,417.89668456326046
67,2026-10-01 00:00:00,1084.8368698855868,665.5820210974958,419.25484878809095
68,2026-11-01 00:00:00,1084.8368698855868,664.2194428389345,420.6174270466523
69,2026-12-01 00:00:00,1084.8368698855868,662.852436201033,421.9844336845538
70,2027-01-01 00:00:00,1084.8368698855868,661.480986791558,423.35588309402874
71,2027-02-01 00:00:00,1084.8368698855868,660.1050801715024,424.73178971408436
72,2027-03-01 00:00:00,1084.8368698855868,658.7247018549317,426.1121680306551
73,2027-04-01 00:00:00,1084.8368698855868,657.3398373088321,427.4970325767547
74,2027-05-01 00:00:00,1084.8368698855868,655.9504719529575,428.8863979326293
75,2027-06-01 00:00:00,1084.8368698855868,654.5565911596767,430.2802787259101
76,2027-07-01 00:00:00,1084.8368698855868,653.1581802538175,431.6786896317693
77,2027-08-01 00:00:00,1084.8368698855868,651.7552245125142,433.08164537307255
78,2027-09-01 00:00:00,1084.8368698855868,650.3477091650517,434.4891607205351
79,2027-10-01 00:00:00,1084.8368698855868,648.93561939271,435.9012504928768
80,2027-11-01 00:00:00,1084.8368698855868,647.5189403286082,437.3179295569786
81,2027-12-01 00:00:00,1084.8368698855868,646.0976570575478,438.73921282803894
82,2028-01-01 00:00:00,1084.8368698855868,644.6717546158568,440.16511526973
83,2028-02-01 00:00:00,1084.8368698855868,643.2412179912302,441.5956518943566
84,2028-03-01 00:00:00,1084.8368698855868,641.8060321225736,443.0308377630132
85,2028-04-01 00:00:00,1084.8368698855868,640.3661818998437,444.4706879857431
86,2028-05-01 00:00:00,1084.8368698855868,638.9216521638901,445.91521772169665
87,2028-06-01 00:00:00,1084.8368698855868,637.4724277062946,447.36444217929215
88,2028-07-01 00:00:00,1084.8368698855868,636.018493269212,448.81837661637485
89,2028-08-01 00:00:00,1084.8368698855868,634.5598335452089,450.2770363403779
90,2028-09-01 00:00:00,1084.8368698855868,633.0964331771027,451.74043670848414
91,2028-10-01 00:00:00,1084.8368698855868,631.6282767578,453.2085931277868
92,2028-11-01 00:00:00,1084.8368698855868,630.1553488301347,454.6815210554521
93,2028-12-01 00:00:00,1084.8368698855868,628.6776338867046,456.1592359988822
94,2029-01-01 00:00:00,1084.8368698855868,627.1951163697081,457.6417535158787
95,2029-02-01 00:00:00,1084.8368698855868,625.7077806707815,459.1290892148053
96,2029-03-01 00:00:00,1084.8368698855868,624.2156111308335,460.6212587547533
97,2029-04-01 00:00:00,1084.8368698855868,622.7185920398806,462.1182778457062
98,2029-05-01 00:00:00,1084.8368698855868,621.216707636882,463.6201622487048
99,2029-06-01 00:00:00,1084.8368698855868,619.7099421095737,465.1269277760131
100,2029-07-01 00:00:00,1084.8368698855868,618.1982795943017,466.63859029128514
101,2029-08-01 00:00:00,1084.8368698855868,616.6817041758551,468.1551657097317
102,2029-09-01 00:00:00,1084.8368698855868,615.1601998872983,469.6766699982885
103,2029-10-01 00:00:00,1084.8368698855868,613.6337507098038,471.20311917578294
104,2029-11-01 00:00:00,1084.8368698855868,612.1023405724827,472.7345293131041
105,2029-12-01 00:00:00,1084.8368698855868,610.565953352215,474.27091653337175
106,2030-01-01 00:00:00,1084.8368698855868,609.0245728734816,475.8122970121052
107,2030-02-01 00:00:00,1084.8368698855868,607.4781829081923,477.35868697739454
108,2030-03-01 00:00:00,1084.8368698855868,605.9267671755158,478.910102710071
109,2030-04-01 00:00:00,1084.8368698855868,604.3703093417081,480.4665605438787
110,2030-05-01 00:00:00,1084.8368698855868,602.8087930199404,482.0280768656464
111,2030-06-01 00:00:00,1084.8368698855868,601.242201770127,483.59466811545974
112,2030-07-01 00:00:00,1084.8368698855868,599.6705190987519,485.16635078683487
113,2030-08-01 00:00:00,1084.8368698855868,598.0937284586948,486.74314142689195
114,2030-09-01 00:00:00,1084.8368698855868,596.5118132490572,488.32505663652955
115,2030-10-01 00:00:00,1084.8368698855868,594.9247568149885,489.91211307059825
116,2030-11-01 00:00:00,1084.8368698855868,593.3325424475092,491.50432743807755
117,2030-12-01 00:00:00,1084.8368698855868,591.7351533833355,493.1017165022513
118,2031-01-01 00:00:00,1084.8368698855868,590.1325728047033,494.7042970808835
119,2031-02-01 00:00:00,1084.8368698855868,588.5247838391903,496.31208604639653
120,2031-03-01 00:00:00,1084.8368698855868,586.9117695595396,497.9251003260472
121,2031-04-01 00:00:00,1084.8368698855868,585.2935129834798,499.543356902107
122,2031-05-01 00:00:00,1084.8368698855868,583.6699970735478,501.16687281203895
123,2031-06-01 00:00:00,1084.8368698855868,582.0412047369089,502.7956651486779
124,2031-07-01 00:00:00,1084.8368698855868,580.4071188251756,504.42975106041115
125,2031-08-01 00:00:00,1084.8368698855868,578.7677221342294,506.0691477513574
126,2031-09-01 00:00:00,1084.8368698855868,577.1229974040376,507.7138724815492
127,2031-10-01 00:00:00,1084.8368698855868,575.4729273184724,509.36394256711435
128,2031-11-01 00:00:00,1084.8368698855868,573.8174945051295,511.0193753804573
129,2031-12-01 00:00:00,1084.8368698855868,572.1566815351429,512.6801883504439
130,2032-01-01 00:00:00,1084.8368698855868,570.490470923004,514.3463989625828
131,2032-02-01 00:00:00,1084.8368698855868,568.8188451263757,516.0180247592111
132,2032-03-01 00:00:00,1084.8368698855868,567.1417865459082,517.6950833396786
133,2032-04-01 00:00:00,1084.8368698855868,565.4592775250541,519.3775923605327
134,2032-05-01 00:00:00,1084.8368698855868,563.7713003498825,521.0655695357043
135,2032-06-01 00:00:00,1084.8368698855868,562.0778372488916,522.7590326366952
136,2032-07-01 00:00:00,1084.8368698855868,560.3788703928221,524.4579994927647
137,2032-08-01 00:00:00,1084.8368698855868,558.6743818944708,526.162487991116
138,2032-09-01 00:00:00,1084.8368698855868,556.9643538084996,527.8725160770872
139,2032-10-01 00:00:00,1084.8368698855868,555.2487681312491,529.5881017543377
140,2032-11-01 00:00:00,1084.8368698855868,553.5276068005476,531.3092630850392
141,2032-12-01 00:00:00,1084.8368698855868,551.800851695521,533.0360181900658
142,2033-01-01 00:00:00,1084.8368698855868,550.0684846364036,534.7683852491832
143,2033-02-01 00:00:00,1084.8368698855868,548.3304873843437,536.5063825012431
144,2033-03-01 00:00:00,1084.8368698855868,546.5868416412147,538.2500282443721
145,2033-04-01 00:00:00,1084.8368698855868,544.8375290494205,539.9993408361663
146,2033-05-01 00:00:00,1084.8368698855868,543.082531191703,541.7543386938838
147,2033-06-01 00:00:00,1084.8368698855868,541.3218295909477,543.5150402946391
148,2033-07-01 00:00:00,1084.8368698855868,539.5554057099902,545.2814641755966
149,2033-08-01 00:00:00,1084.8368698855868,537.7832409514195,547.0536289341673
150,2033-09-01 00:00:00,1084.8368698855868,536.0053166573836,548.8315532282032
151,2033-10-01 00:00:00,1084.8368698855868,534.2216141093919,550.6152557761949
152,2033-11-01 00:00:00,1084.8368698855868,532.4321145281193,552.4047553574675
153,2033-12-01 00:00:00,1084.8368698855868,530.6367990732075,554.2000708123793
154,2034-01-01 00:00:00,1084.8368698855868,528.8356488430674,556.0012210425194
155,2034-02-01 00:00:00,1084.8368698855868,527.0286448746792,557.8082250109076
156,2034-03-01 00:00:00,1084.8368698855868,525.2157681433936,559.6211017421932
157,2034-04-01 00:00:00,1084.8368698855868,523.3969995627316,561.4398703228552
158,2034-05-01 00:00:00,1084.8368698855868,521.5723199841822,563.2645499014046
159,2034-06-01 00:00:00,1084.8368698855868,519.7417101970028,565.095159688584
160,2034-07-01 00:00:00,1084.8368698855868,517.9051509280148,566.931718957572
161,2034-08-01 00:00:00,1084.8368698855868,516.0626228414028,568.774247044184
162,2034-09-01 00:00:00,1084.8368698855868,514.2141065385093,570.6227633470775
163,2034-10-01 00:00:00,1084.8368698855868,512.3595825576311,572.4772873279557
164,2034-11-01 00:00:00,1084.8368698855868,510.49903137381534,574.3378385117715
165,2034-12-01 00:00:00,1084.8368698855868,508.63243339865227,576.2044364869346
166,2035-01-01 00:00:00,1084.8368698855868,506.7597689800696,578.0771009055172
167,2035-02-01 00:00:00,1084.8368698855868,504.8810184021266,579.9558514834603
168,2035-03-01 00:00:00,1084.8368698855868,502.99616188480525,581.8407080007815
169,2035-04-01 00:00:00,1084.8368698855868,501.10517958380285,583.7316903017839
170,2035-05-01 00:00:00,1084.8368698855868,499.20805159032216,585.6288182952646
171,2035-06-01 00:00:00,1084.8368698855868,497.3047579308625,587.5321119547243
172,2035-07-01 00:00:00,1084.8368698855868,495.39527856700977,589.441591318577
173,2035-08-01 00:00:00,1084.8368698855868,493.4795933952242,591.3572764903627
174,2035-09-01 00:00:00,1084.8368698855868,491.55768224663063,593.2791876389562
175,2035-10-01 00:00:00,1084.8368698855868,489.6295248868041,595.2073449987827
176,2035-11-01 00:00:00,1084.8368698855868,487.69510101555807,597.1417688700287
177,2035-12-01 00:00:00,1084.8368698855868,485.7543902667304,599.0824796188564
178,2036-01-01 00:00:00,1084.8368698855868,483.80737220796914,601.0294976776177
179,2036-02-01 00:00:00,1084.8368698855868,481.854026340517,602.9828435450697
180,2036-03-01 00:00:00,1084.8368698855868,479.8943320989955,604.9425377865913
181,2036-04-01 00:00:00,1084.8368698855868,477.928268851189,606.9086010343979
182,2036-05-01 00:00:00,1084.8368698855868,475.9558158978271,608.8810539877597
183,2036-06-01 00:00:00,1084.8368698855868,473.97695247236703,610.8599174132198
184,2036-07-01 00:00:00,1084.8368698855868,471.9916577407741,612.8452121448126
185,2036-08-01 00:00:00,1084.8368698855868,469.99991080130354,614.8369590842833
186,2036-09-01 00:00:00,1084.8368698855868,468.0016906842795,616.8351792013073
187,2036-10-01 00:00:00,1084.8368698855868,465.9969763518754,618.8398935337113
188,2036-11-01 00:00:00,1084.8368698855868,463.98574669789093,620.8511231876959
189,2036-12-01 00:00:00,1084.8368698855868,461.9679805475308,622.8688893380561
190,2037-01-01 00:00:00,1084.8368698855868,459.9436566571823,624.8932132284044
191,2037-02-01 00:00:00,1084.8368698855868,457.91275371419005,626.9241161713967
192,2037-03-01 00:00:00,1084.8368698855868,455.8752503366329,628.9616195489539
193,2037-04-01 00:00:00,1084.8368698855868,453.83112507309875,631.005744812488
194,2037-05-01 00:00:00,1084.8368698855868,451.7803564024584,633.0565134831284
195,2037-06-01 00:00:00,1084.8368698855868,449.7229227336381,635.1139471519487
196,2037-07-01 00:00:00,1084.8368698855868,447.6588024053941,637.1780674801927
197,2037-08-01 00:00:00,1084.8368698855868,445.5879736860836,639.2488961995032
198,2037-09-01 00:00:00,1084.8368698855868,443.51041477343523,641.3264551121515
199,2037-10-01 00:00:00,1084.8368698855868,441.42610379432074,643.410766091266
200,2037-11-01 00:00:00,1084.8368698855868,439.335018804524,645.5018510810628
201,2037-12-01 00:00:00,1084.8368698855868,437.2371377885106,647.5997320970762
202,2038-01-01 00:00:00,1084.8368698855868,435.1324386591954,649.7044312263914
203,2038-02-01 00:00:00,1084.8368698855868,433.0208992577095,651.8159706278773
204,2038-03-01 00:00:00,1084.8368698855868,430.90249735316905,653.9343725324177
205,2038-04-01 00:00:00,1084.8368698855868,428.77721064243855,656.0596592431482
206,2038-05-01 00:00:00,1084.8368698855868,426.6450167498985,658.1918531356882
207,2038-06-01 00:00:00,1084.8368698855868,424.5058932272074,660.3309766583793
208,2038-07-01 00:00:00,1084.8368698855868,422.35981755306767,662.4770523325192
209,2038-08-01 00:00:00,1084.8368698855868,420.2067671329869,664.6301027525999
210,2038-09-01 00:00:00,1084.8368698855868,418.046719299041,666.7901505865458
211,2038-10-01 00:00:00,1084.8368698855868,415.879651309635,668.9572185759519
212,2038-11-01 00:00:00,1084.8368698855868,413.70554034926306,671.1313295363237
213,2038-12-01 00:00:00,1084.8368698855868,411.52436352827,673.3125063573168
214,2039-01-01 00:00:00,1084.8368698855868,409.3360978826085,675.5007720029782
215,2039-02-01 00:00:00,1084.8368698855868,407.14072037359904,677.6961495119878
216,2039-03-01 00:00:00,1084.8368698855868,404.938207887685,679.8986619979019
217,2039-04-01 00:00:00,1084.8368698855868,402.7285372361919,682.1083326493949
218,2039-05-01 00:00:00,1084.8368698855868,400.5116851550816,684.3251847305053
219,2039-06-01 00:00:00,1084.8368698855868,398.2876283047072,686.5492415808797
220,2039-07-01 00:00:00,1084.8368698855868,396.0563432695695,688.7805266160174
221,2039-08-01 00:00:00,1084.8368698855868,393.8178065580674,691.0190633275195
222,2039-09-01 00:00:00,1084.8368698855868,391.57199460225314,693.2648752833336
223,2039-10-01 00:00:00,1084.8368698855868,389.31888375758206,695.5179861280047
224,2039-11-01 00:00:00,1084.8368698855868,387.05845030266613,697.7784195829206
225,2039-12-01 00:00:00,1084.8368698855868,384.7906704390216,700.0461994465652
226,2040-01-01 00:00:00,1084.8368698855868,382.5155202908201,702.3213495947666
227,2040-02-01 00:00:00,1084.8368698855868,380.2329759046374,704.6038939809494
228,2040-03-01 00:00:00,1084.8368698855868,377.94301324919905,706.8938566363877
229,2040-04-01 00:00:00,1084.8368698855868,375.64560821513106,709.1912616704558
230,2040-05-01 00:00:00,1084.8368698855868,373.34073661470217,711.4961332708847
231,2040-06-01 00:00:00,1084.8368698855868,371.02837418157173,713.8084957040151
232,2040-07-01 00:00:00,1084.8368698855868,368.7084965705336,716.1283733150532
233,2040-08-01 00:00:00,1084.8368698855868,366.38107935726,718.4557905283268
234,2040-09-01 00:00:00,1084.8368698855868,364.0460980380429,720.790771847544
235,2040-10-01 00:00:00,1084.8368698855868,361.7035280295384,723.1333418560484
236,2040-11-01 00:00:00,1084.8368698855868,359.35334466850617,725.4835252170806
237,2040-12-01 00:00:00,1084.8368698855868,356.9955232115506,727.8413466740362
238,2041-01-01 00:00:00,1084.8368698855868,354.63003883486004,730.2068310507268
239,2041-02-01 00:00:00,1084.8368698855868,352.2568666339453,732.5800032516415
240,2041-03-01 00:00:00,1084.8368698855868,349.8759816233774,734.9608882622094
241,2041-04-01 00:00:00,1084.8368698855868,347.48735873652527,737.3495111490615
242,2041-05-01 00:00:00,1084.8368698855868,345.09097282529063,739.7458970602961
243,2041-06-01 00:00:00,1084.8368698855868,342.6867986598448,742.1500712257421
244,2041-07-01 00:00:00,1084.8368698855868,340.27481092836126,744.5620589572255
245,2041-08-01 00:00:00,1084.8368698855868,337.8549842367502,746.9818856488366
246,2041-09-01 00:00:00,1084.8368698855868,335.4272931083916,749.4095767771952
247,2041-10-01 00:00:00,1084.8368698855868,332.99171198386557,751.8451579017212
248,2041-11-01 00:00:00,1084.8368698855868,330.5482152206852,754.2886546649015
249,2041-12-01 00:00:00,1084.8368698855868,328.0967770930242,756.7400927925626
250,2042-01-01 00:00:00,1084.8368698855868,325.6373717914484,759.1994980941383
251,2042-02-01 00:00:00,1084.8368698855868,323.1699734226424,761.6668964629444
252,2042-03-01 00:00:00,1084.8368698855868,320.69455600913795,764.1423138764488
253,2042-04-01 00:00:00,1084.8368698855868,318.2110934890394,766.6257763965474
254,2042-05-01 00:00:00,1084.8368698855868,315.71955971575085,769.117310169836
255,2042-06-01 00:00:00,1084.8368698855868,313.2199284576988,771.6169414278879
256,2042-07-01 00:00:00,1084.8368698855868,310.7121733980582,774.1246964875286
257,2042-08-01 00:00:00,1084.8368698855868,308.19626813447366,776.6406017511131
258,2042-09-01 00:00:00,1084.8368698855868,305.6721861787824,779.1646837068045
259,2042-10-01 00:00:00,1084.8368698855868,303.1399009567356,781.6969689288512
260,2042-11-01 00:00:00,1084.8368698855868,300.5993858077168,784.23748407787
261,2042-12-01 00:00:00,1084.8368698855868,298.0506139844638,786.786255901123
262,2043-01-01 00:00:00,1084.8368698855868,295.49355865278517,789.3433112328016
263,2043-02-01 00:00:00,1084.8368698855868,292.9281928912784,791.9086769943084
264,2043-03-01 00:00:00,1084.8368698855868,290.35448969104704,794.4823801945397
265,2043-04-01 00:00:00,1084.8368698855868,287.7724219554146,797.0644479301723
266,2043-05-01 00:00:00,1084.8368698855868,285.18196249964166,799.6549073859451
267,2043-06-01 00:00:00,1084.8368698855868,282.5830840506375,802.2537858349492
268,2043-07-01 00:00:00,1084.8368698855868,279.975759246674,804.8611106389128
269,2043-08-01 00:00:00,1084.8368698855868,277.3599606370974,807.4769092484894
270,2043-09-01 00:00:00,1084.8368698855868,274.7356606820398,810.101209203547
271,2043-10-01 00:00:00,1084.8368698855868,272.1028317521283,812.7340381334585
272,2043-11-01 00:00:00,1084.8368698855868,269.4614461281943,815.3754237573925
273,2043-12-01 00:00:00,1084.8368698855868,266.8114760009833,818.0253938846035
274,2044-01-01 00:00:00,1084.8368698855868,264.15289347085826,820.6839764147285
275,2044-02-01 00:00:00,1084.8368698855868,261.4856705475104,823.3511993380764
276,2044-03-01 00:00:00,1084.8368698855868,258.80977914966155,826.0270907359252
277,2044-04-01 00:00:00,1084.8368698855868,256.12519110476984,828.711678780817
278,2044-05-01 00:00:00,1084.8368698855868,253.4318781487321,831.4049917368548
279,2044-06-01 00:00:00,1084.8368698855868,250.72981192558746,834.1070579599993
280,2044-07-01 00:00:00,1084.8368698855868,248.01896398721746,836.8179058983693
281,2044-08-01 00:00:00,1084.8368698855868,245.29930579304772,839.537564092539
282,2044-09-01 00:00:00,1084.8368698855868,242.57080870974713,842.2660611758397
283,2044-10-01 00:00:00,1084.8368698855868,239.8334440109256,845.0034258746612
284,2044-11-01 00:00:00,1084.8368698855868,237.08718287683288,847.7496870087539
285,2044-12-01 00:00:00,1084.8368698855868,234.33199639405467,850.5048734915322
286,2045-01-01 00:00:00,1084.8368698855868,231.5678555552072,853.2690143303796
287,2045-02-01 00:00:00,1084.8368698855868,228.79473125863336,856.0421386269534
288,2045-03-01 00:00:00,1084.8368698855868,226.01259430809552,858.8242755774913
289,2045-04-01 00:00:00,1084.8368698855868,223.22141541246904,861.6154544731178
290,2045-05-01 00:00:00,1084.8368698855868,220.4211651854312,864.4157047001556
291,2045-06-01 00:00:00,1084.8368698855868,217.61181414515565,867.2250557404311
292,2045-07-01 00:00:00,1084.8368698855868,214.79333271399958,870.0435371715872
293,2045-08-01 00:00:00,1084.8368698855868,211.965691218192,872.8711786673948
294,2045-09-01 00:00:00,1084.8368698855868,209.12885988752294,875.7080099980639
295,2045-10-01 00:00:00,1084.8368698855868,206.28280885502917,878.5540610305576
296,2045-11-01 00:00:00,1084.8368698855868,203.42750815667964,881.4093617289071
297,2045-12-01 00:00:00,1084.8368698855868,200.562927731061,884.2739421545258
298,2046-01-01 00:00:00,1084.8368698855868,197.68903741905854,887.1478324665283
299,2046-02-01 00:00:00,1084.8368698855868,194.80580696354272,890.031062922044
300,2046-03-01 00:00:00,1084.8368698855868,191.91320600904592,892.9236638765409
301,2046-04-01 00:00:00,1084.8368698855868,189.01120410144736,895.8256657841395
302,2046-05-01 00:00:00,1084.8368698855868,186.09977068764874,898.737099197938
303,2046-06-01 00:00:00,1084.8368698855868,183.17887511525512,901.6579947703317
304,2046-07-01 00:00:00,1084.8368698855868,180.24848663225194,904.5883832533349
305,2046-08-01 00:00:00,1084.8368698855868,177.3085743866783,907.5282954989085
306,2046-09-01 00:00:00,1084.8368698855868,174.35910742630716,910.4777624592796
307,2046-10-01 00:00:00,1084.8368698855868,171.4000546983144,913.4368151872724
308,2046-11-01 00:00:00,1084.8368698855868,168.43138504895595,916.4054848366309
309,2046-12-01 00:00:00,1084.8368698855868,165.4530672232368,919.38380266235
310,2047-01-01 00:00:00,1084.8368698855868,162.46506986458445,922.3718000210024
311,2047-02-01 00:00:00,1084.8368698855868,159.46736151451609,925.3695083710707
312,2047-03-01 00:00:00,1084.8368698855868,156.45991061230998,928.3769592732768
313,2047-04-01 00:00:00,1084.8368698855868,153.44268549467193,931.3941843909149
314,2047-05-01 00:00:00,1084.8368698855868,150.41565439540153,934.4212154901852
315,2047-06-01 00:00:00,1084.8368698855868,147.37878544505836,937.4580844405284
316,2047-07-01 00:00:00,1084.8368698855868,144.33204667062694,940.5048232149599
317,2047-08-01 00:00:00,1084.8368698855868,141.27540599517795,943.5614638904088
318,2047-09-01 00:00:00,1084.8368698855868,138.20883123753427,946.6280386480526
319,2047-10-01 00:00:00,1084.8368698855868,135.13229011192809,949.7045797736587
320,2047-11-01 00:00:00,1084.8368698855868,132.0457502276643,952.7911196579225
321,2047-12-01 00:00:00,1084.8368698855868,128.94917908877605,955.8876907968107
322,2048-01-01 00:00:00,1084.8368698855868,125.84254409368624,958.9943257919006
323,2048-02-01 00:00:00,1084.8368698855868,122.7258125348624,962.1110573507244
324,2048-03-01 00:00:00,1084.8368698855868,119.59895159847204,965.2379182871148
325,2048-04-01 00:00:00,1084.8368698855868,116.46192836403951,968.3749415215473
326,2048-05-01 00:00:00,1084.8368698855868,113.31470980409445,971.5221600814923
327,2048-06-01 00:00:00,1084.8368698855868,110.15726278382944,974.6796071017574
328,2048-07-01 00:00:00,1084.8368698855868,106.98955406074886,977.8473158248379
329,2048-08-01 00:00:00,1084.8368698855868,103.8115502843178,981.025319601269
330,2048-09-01 00:00:00,1084.8368698855868,100.62321799561398,984.2136518899728
331,2048-10-01 00:00:00,1084.8368698855868,97.42452362697207,987.4123462586147
332,2048-11-01 00:00:00,1084.8368698855868,94.21543350163111,990.6214363839557
333,2048-12-01 00:00:00,1084.8368698855868,90.99591383338336,993.8409560522034
334,2049-01-01 00:00:00,1084.8368698855868,87.76593072621414,997.0709391593726
335,2049-02-01 00:00:00,1084.8368698855868,84.5254501739458,1000.311419711641
336,2049-03-01 00:00:00,1084.8368698855868,81.27443805988322,1003.5624318257036
337,2049-04-01 00:00:00,1084.8368698855868,78.01286015644978,1006.8240097291371
338,2049-05-01 00:00:00,1084.8368698855868,74.74068212483026,1010.0961877607565
339,2049-06-01 00:00:00,1084.8368698855868,71.45786951460721,1013.3790003709796
340,2049-07-01 00:00:00,1084.8368698855868,68.16438776340193,1016.6724821221849
341,2049-08-01 00:00:00,1084.8368698855868,64.86020219650477,1019.976667689082
342,2049-09-01 00:00:00,1084.8368698855868,61.54527802651501,1023.2915918590718
343,2049-10-01 00:00:00,1084.8368698855868,58.219580352973395,1026.6172895326133
344,2049-11-01 00:00:00,1084.8368698855868,54.883074161992205,1029.9537957235946
345,2049-12-01 00:00:00,1084.8368698855868,51.53572432589045,1033.3011455596964
346,2050-01-01 00:00:00,1084.8368698855868,48.177495602821985,1036.6593742827647
347,2050-02-01 00:00:00,1084.8368698855868,44.80835263640285,1040.028517249184
348,2050-03-01 00:00:00,1084.8368698855868,41.42825995534271,1043.408609930244
349,2050-04-01 00:00:00,1084.8368698855868,38.037181973069586,1046.7996879125171
350,2050-05-01 00:00:00,1084.8368698855868,34.63508298735373,1050.201786898233
351,2050-06-01 00:00:00,1084.8368698855868,31.2219271799346,1053.614942705652
352,2050-07-01 00:00:00,1084.8368698855868,27.797678616141376,1057.0391912694454
353,2050-08-01 00:00:00,1084.8368698855868,24.36230124451572,1060.474568641071
354,2050-09-01 00:00:00,1084.8368698855868,20.915758896432322,1063.9211109891544
355,2050-10-01 00:00:00,1084.8368698855868,17.458015285717497,1067.3788545998693
356,2050-11-01 00:00:00,1084.8368698855868,13.98903400826783,1070.8478358773189
357,2050-12-01 00:00:00,1084.8368698855868,10.508778541666892,1074.3280913439198
358,2051-01-01 00:00:00,1084.8368698855868,7.017212244798574,1077.8196576407881
359,2051-02-01 00:00:00,1084.8368698855868,3.5142983574664686,1081.3225715281203
360,Running Total,390541.2731588112,160541.27315880952,230000.00000000172
